{"assets/case_assembly/assign.svg":["assets/case_assembly/assign.svg"],"assets/case_assembly/case_assembly_print.svg":["assets/case_assembly/case_assembly_print.svg"],"assets/case_assembly/cassette.svg":["assets/case_assembly/cassette.svg"],"assets/case_assembly/clear_validation.svg":["assets/case_assembly/clear_validation.svg"],"assets/case_assembly/createdBy.svg":["assets/case_assembly/createdBy.svg"],"assets/case_assembly/group_by_dropdown_suffix_icon.svg":["assets/case_assembly/group_by_dropdown_suffix_icon.svg"],"assets/case_assembly/img_barcode.svg":["assets/case_assembly/img_barcode.svg"],"assets/case_assembly/img_move.svg":["assets/case_assembly/img_move.svg"],"assets/case_assembly/img_revert.svg":["assets/case_assembly/img_revert.svg"],"assets/case_assembly/img_stain.svg":["assets/case_assembly/img_stain.svg"],"assets/case_assembly/location.svg":["assets/case_assembly/location.svg"],"assets/case_assembly/move_out.svg":["assets/case_assembly/move_out.svg"],"assets/case_assembly/pathologist.svg":["assets/case_assembly/pathologist.svg"],"assets/case_assembly/patient.svg":["assets/case_assembly/patient.svg"],"assets/case_assembly/physician.svg":["assets/case_assembly/physician.svg"],"assets/case_assembly/re_assign.svg":["assets/case_assembly/re_assign.svg"],"assets/case_assembly/reassign.svg":["assets/case_assembly/reassign.svg"],"assets/case_assembly/scan_slide.png":["assets/case_assembly/scan_slide.png"],"assets/case_assembly/slide.svg":["assets/case_assembly/slide.svg"],"assets/case_assembly/validation_error.svg":["assets/case_assembly/validation_error.svg"],"assets/case_assembly/validation_error_with_boarder.svg":["assets/case_assembly/validation_error_with_boarder.svg"],"assets/common/QR.svg":["assets/common/QR.svg"],"assets/common/VitalDx+_Favicon.png":["assets/common/VitalDx+_Favicon.png"],"assets/common/VitalDx+_Favicon.svg":["assets/common/VitalDx+_Favicon.svg"],"assets/common/VitalDx+_Logo-Vertical-White.svg":["assets/common/VitalDx+_Logo-Vertical-White.svg"],"assets/common/VitalDx+_Logo-Vertical.svg":["assets/common/VitalDx+_Logo-Vertical.svg"],"assets/common/VitalDx+_Logo-White.svg":["assets/common/VitalDx+_Logo-White.svg"],"assets/common/VitalDx+_Logo.svg":["assets/common/VitalDx+_Logo.svg"],"assets/common/VitalDx+_Wordmark-White.svg":["assets/common/VitalDx+_Wordmark-White.svg"],"assets/common/VitalDx+_Wordmark.svg":["assets/common/VitalDx+_Wordmark.svg"],"assets/common/VitalDx_ExportSvg.svg":["assets/common/VitalDx_ExportSvg.svg"],"assets/common/VitalDx_Favicon.png":["assets/common/VitalDx_Favicon.png"],"assets/common/case_info__icon_select.svg":["assets/common/case_info__icon_select.svg"],"assets/common/case_info_icon.svg":["assets/common/case_info_icon.svg"],"assets/common/cassette_img.svg":["assets/common/cassette_img.svg"],"assets/common/edit_profile.svg":["assets/common/edit_profile.svg"],"assets/common/img_attachments._select.svg":["assets/common/img_attachments._select.svg"],"assets/common/img_attachments.svg":["assets/common/img_attachments.svg"],"assets/common/img_audit.svg":["assets/common/img_audit.svg"],"assets/common/img_audit_select.svg":["assets/common/img_audit_select.svg"],"assets/common/img_barcode.svg":["assets/common/img_barcode.svg"],"assets/common/img_edit_grossing.svg":["assets/common/img_edit_grossing.svg"],"assets/common/img_edit_grossing_select.svg":["assets/common/img_edit_grossing_select.svg"],"assets/common/img_flag.svg":["assets/common/img_flag.svg"],"assets/common/img_flag_select.svg":["assets/common/img_flag_select.svg"],"assets/common/img_logo.svg":["assets/common/img_logo.svg"],"assets/common/img_patient_details.svg":["assets/common/img_patient_details.svg"],"assets/common/img_patient_details_select.svg":["assets/common/img_patient_details_select.svg"],"assets/common/img_qa.svg":["assets/common/img_qa.svg"],"assets/common/img_qa_select.svg":["assets/common/img_qa_select.svg"],"assets/common/login_qr.svg":["assets/common/login_qr.svg"],"assets/common/logo.png":["assets/common/logo.png"],"assets/common/progressIndicator.gif":["assets/common/progressIndicator.gif"],"assets/common/ssl_certificates/production_certificate/VitalDesktopPrinting-RootCA.crt":["assets/common/ssl_certificates/production_certificate/VitalDesktopPrinting-RootCA.crt"],"assets/common/vitalLog_logo.svg":["assets/common/vitalLog_logo.svg"],"assets/common/vitalaxis_logo_footer.svg":["assets/common/vitalaxis_logo_footer.svg"],"assets/embedding/embedding_module.svg":["assets/embedding/embedding_module.svg"],"assets/embedding/jardetails.svg":["assets/embedding/jardetails.svg"],"assets/embedding/jardetails_select.svg":["assets/embedding/jardetails_select.svg"],"assets/grossing/grossDescription.svg":["assets/grossing/grossDescription.svg"],"assets/grossing/grossing_module.svg":["assets/grossing/grossing_module.svg"],"assets/grossing/monitoring.svg":["assets/grossing/monitoring.svg"],"assets/grossing/scan_jar_icon.svg":["assets/grossing/scan_jar_icon.svg"],"assets/microtomy/add_slide.svg":["assets/microtomy/add_slide.svg"],"assets/microtomy/microtomy_module.svg":["assets/microtomy/microtomy_module.svg"],"assets/microtomy/print_done.svg":["assets/microtomy/print_done.svg"],"assets/receiving/delivery_truck_bolt.svg":["assets/receiving/delivery_truck_bolt.svg"],"assets/receiving/receiving_select_process.png":["assets/receiving/receiving_select_process.png"],"assets/receiving/receiving_station_home_page.svg":["assets/receiving/receiving_station_home_page.svg"],"assets/receiving/receiving_station_landing_img.png":["assets/receiving/receiving_station_landing_img.png"],"assets/receiving/receiving_station_select_process.svg":["assets/receiving/receiving_station_select_process.svg"],"assets/sounds/erroralert.mp3":["assets/sounds/erroralert.mp3"],"assets/sounds/errorbuzz.mp3":["assets/sounds/errorbuzz.mp3"],"assets/sounds/failed_air.mp3":["assets/sounds/failed_air.mp3"],"assets/sounds/success.mp3":["assets/sounds/success.mp3"],"assets/verification/verification_module.svg":["assets/verification/verification_module.svg"],"packages/cupertino_icons/assets/CupertinoIcons.ttf":["packages/cupertino_icons/assets/CupertinoIcons.ttf"],"packages/record_web/assets/js/record.fixwebmduration.js":["packages/record_web/assets/js/record.fixwebmduration.js"],"packages/record_web/assets/js/record.worklet.js":["packages/record_web/assets/js/record.worklet.js"],"packages/window_manager/images/ic_chrome_close.png":["packages/window_manager/images/ic_chrome_close.png"],"packages/window_manager/images/ic_chrome_maximize.png":["packages/window_manager/images/ic_chrome_maximize.png"],"packages/window_manager/images/ic_chrome_minimize.png":["packages/window_manager/images/ic_chrome_minimize.png"],"packages/window_manager/images/ic_chrome_unmaximize.png":["packages/window_manager/images/ic_chrome_unmaximize.png"]}